{
    "AttentionUNet": {
        "BTCVDice": [
            93.7813089105259,
            3.1110386524148503
        ],
        "SurgDice": [
            96.7622177859176,
            1.2892459575315744
        ],
        "AllDice": [
            95.1434489556748,
            1.7374137347015206
        ],
        "BTCVNSD": [
            97.39798782827899,
            2.8358399275840354
        ],
        "SurgNSD": [
            98.76862160601594,
            1.6048593085921856
        ],
        "AllNSD": [
            98.02677326016986,
            1.6940223224594642
        ]
    },
    "AttentionUNetS4": {
        "BTCVDice": [
            93.85654403684448,
            2.9570571814279134
        ],
        "SurgDice": [
            96.81817649731805,
            1.3823810452748013
        ],
        "AllDice": [
            95.20896013234238,
            1.6683426911171442
        ],
        "BTCVNSD": [
            97.48459103635089,
            2.770454152219425
        ],
        "SurgNSD": [
            98.72451179103031,
            1.6390621286937423
        ],
        "AllNSD": [
            98.05332305232918,
            1.7011119197754503
        ]
    },
    "FocalSegNet": {
        "BTCVDice": [
            93.47206789089316,
            2.9767565978470865
        ],
        "SurgDice": [
            96.56968140321489,
            1.386655388945933
        ],
        "AllDice": [
            94.89447599290509,
            1.668282133805304
        ],
        "BTCVNSD": [
            97.20192238368729,
            2.8134226737544443
        ],
        "SurgNSD": [
            98.43483987944339,
            1.5763189217759328
        ],
        "AllNSD": [
            97.77111753226907,
            1.6630364110183142
        ]
    },
    "3DUNet": {
        "BTCVDice": [
            93.66327011097769,
            3.0827507181170684
        ],
        "SurgDice": [
            96.96195137195427,
            1.1089053970335983
        ],
        "AllDice": [
            95.17660883365012,
            1.690528009210213
        ],
        "BTCVNSD": [
            97.49723088918061,
            2.8930277587937447
        ],
        "SurgNSD": [
            98.88290031016344,
            1.2485141662211336
        ],
        "AllNSD": [
            98.13444934248913,
            1.649514855917421
        ]
    },
    "3DUNetS4": {
        "BTCVDice": [
            94.03263359049323,
            3.0173639102293324
        ],
        "SurgDice": [
            97.04232665498229,
            1.0791461123668629
        ],
        "AllDice": [
            95.41079998668677,
            1.647581589268775
        ],
        "BTCVNSD": [
            97.54808744319227,
            2.5782131643466077
        ],
        "SurgNSD": [
            98.89682095131188,
            1.3628976676307514
        ],
        "AllNSD": [
            98.16888023820891,
            1.4954563444632973
        ]
    },
    "STUNet": {
        "BTCVDice": [
            94.08476098661536,
            2.9194837953573014
        ],
        "SurgDice": [
            97.04016151108038,
            1.1957722299530804
        ],
        "AllDice": [
            95.43550783680857,
            1.6225768886931817
        ],
        "BTCVNSD": [
            97.57129193790838,
            2.540169363145737
        ],
        "SurgNSD": [
            98.84535850060831,
            1.591186056874205
        ],
        "AllNSD": [
            98.15587998983337,
            1.5377688859476135
        ]
    },
    "STUNetS5": {
        "BTCVDice": [
            93.75286776744396,
            3.224969434841105
        ],
        "SurgDice": [
            96.86829559076017,
            1.1352326786155438
        ],
        "AllDice": [
            95.17641861501616,
            1.7760078785197104
        ],
        "BTCVNSD": [
            97.4131409944361,
            2.784402744837722
        ],
        "SurgNSD": [
            98.76238396416511,
            1.3671490937302118
        ],
        "AllNSD": [
            98.02955084443064,
            1.5886385662936746
        ]
    },
    "SUR": {
        "BTCVDice": [
            93.32477968317964,
            3.2142677808939943
        ],
        "SurgDice": [
            96.53822699985113,
            1.44564920981563
        ],
        "AllDice": [
            94.79497865518421,
            1.829227517956801
        ],
        "BTCVNSD": [
            97.10148519107753,
            2.8598486256249513
        ],
        "SurgNSD": [
            98.28371546665117,
            1.810591329492544
        ],
        "AllNSD": [
            97.64430925018597,
            1.7785310859142949
        ]
    },
    "SwinUnet": {
        "BTCVDice": [
            46.15020181285712,
            7.020388219609817
        ],
        "SurgDice": [
            59.30149617283875,
            4.595225383547437
        ],
        "AllDice": [
            52.200113533693184,
            5.057158485221245
        ],
        "BTCVNSD": [
            34.8077958885996,
            5.638253543866761
        ],
        "SurgNSD": [
            38.52007112623381,
            4.145617718973128
        ],
        "AllNSD": [
            36.53836978068588,
            4.237660263409493
        ]
    },
    "SwinUNetP2": {
        "BTCVDice": [
            60.809625391608954,
            6.236382447582293
        ],
        "SurgDice": [
            70.75614552622885,
            4.104076703762143
        ],
        "AllDice": [
            65.38078983624663,
            4.26181692150635
        ],
        "BTCVNSD": [
            54.475779763310584,
            6.74362243748281
        ],
        "SurgNSD": [
            60.5740285066997,
            4.703930334474715
        ],
        "AllNSD": [
            57.285628802056884,
            5.1173170071549565
        ]
    },
    "SwinUNetS4": {
        "BTCVDice": [
            59.706503695548186,
            6.115553192547637
        ],
        "SurgDice": [
            68.9527031258536,
            4.5579159799001285
        ],
        "AllDice": [
            63.97639125109621,
            4.349831532472355
        ],
        "BTCVNSD": [
            53.9566153301842,
            6.558005602511607
        ],
        "SurgNSD": [
            58.22687659098713,
            4.58746263537782
        ],
        "AllNSD": [
            55.9609066651213,
            4.980807390047292
        ]
    },
    "SwinUNetV1": {
        "BTCVDice": [
            86.1709943247997,
            5.501660688456576
        ],
        "SurgDice": [
            92.04472676067167,
            2.596015710650137
        ],
        "AllDice": [
            88.86860332923115,
            3.2356996685109425
        ],
        "BTCVNSD": [
            89.06312163230993,
            6.198769051520245
        ],
        "SurgNSD": [
            91.28709182544529,
            3.5787449362911823
        ],
        "AllNSD": [
            90.08691592541346,
            3.952034512045021
        ]
    },
    "SwinUNetV2": {
        "BTCVDice": [
            91.46957387231961,
            3.88661156992819
        ],
        "SurgDice": [
            95.3185699166473,
            1.8124882323224778
        ],
        "AllDice": [
            93.23162769810322,
            2.2166364425686385
        ],
        "BTCVNSD": [
            95.75577758341805,
            3.5685083395704544
        ],
        "SurgNSD": [
            96.70017780310505,
            2.315239641663457
        ],
        "AllNSD": [
            96.1875099774081,
            2.2033838123844314
        ]
    },
    "SwinUNetV3": {
        "BTCVDice": [
            91.66859804844881,
            3.4044047257032704
        ],
        "SurgDice": [
            95.31691024324556,
            1.6201360996790604
        ],
        "AllDice": [
            93.3434295578783,
            1.9139282259389372
        ],